Longitude,Latitude,UHI Index
-73.971665,40.78876333,0.9642054442266612
-73.97192833,40.788875,0.9643180375666609
-73.96708,40.78908,0.9659336114499987
-73.97255,40.78908167,0.9638059582499975
-73.96969667,40.78795333,0.9600142485233344
-73.97021167,40.78418333,0.9602971337466657
-73.96975167,40.78470833,0.9594669082900013
-73.96676667,40.78886333,0.9578445231999986
-73.97130333,40.788585,0.963125189396665
-73.966635,40.78418333,0.9627036656066711
-73.98672167,40.78182667,0.9767329525266698
-73.95032333,40.81512333,0.9726547504200013
-73.98230833,40.76774167,0.9707166229933332
-73.96508333,40.78370667,0.969115474156669
-73.97968333,40.77094667,0.966725370796666
-73.95570333,40.79593833,0.9741116522166675
-73.97289167,40.78512667,0.9696808446133347
-73.95583833,40.78309833,0.9705499367966676
-73.96325,40.781915,0.9669357315566678
-73.94459,40.777375,0.9706240639433321
-73.97195,40.78476,0.9700983615599997
-73.94579667,40.781725,0.9752331777899991
-73.98071167,40.78740333,0.9740956246233344
-73.96015833,40.758905,0.9726743845400024
-73.98460333,40.78264333,0.9724263588499987
-73.97688333,40.79036333,0.9760205294133347
-73.94998833,40.81563833,0.9740323160000008
-73.94784,40.77889,0.974776393606664
-73.973275,40.78934667,0.9667409976466642
-73.95970667,40.79867333,0.9733940197666724
-73.94704833,40.78009,0.9714863450200003
-73.982415,40.76795333,0.9705403202500021
-73.97984667,40.78694667,0.9836868918833329
-73.98738167,40.78111,0.975556933423335
-73.97607667,40.789975,0.9718201175266716
-73.96195667,40.79138333,0.9690553711633303
-73.97963,40.78667,0.9790377097266664
-73.95438833,40.78251333,0.9689784386000032
-73.96295833,40.79177333,0.9705811903333307
-73.941705,40.790355,0.9824816225266663
-73.98581667,40.78309667,0.9709770700766684
-73.96991,40.79022,0.97388245895333
-73.95996333,40.79833667,0.9721867475833369
-73.98242,40.76804,0.972824642240002
-73.97728333,40.77158667,0.9727845737333333
-73.94637333,40.77291833,0.9699789568133311
-73.96973667,40.79016,0.9724107320999993
-73.95559167,40.796185,0.9749122267666674
-73.96010333,40.75887667,0.9726186889133358
-73.97565,40.78978167,0.9727557242966611
-73.95958667,40.79883167,0.9712058629500047
-73.95093167,40.81433333,0.9749859529899997
-73.98085833,40.76942167,0.9749743329333372
-73.96359333,40.78273833,0.969790633280003
-73.96236,40.78117,0.9694123838100027
-73.98243167,40.76812833,0.9742955677266675
-73.98065667,40.78737833,0.9733082728033348
-73.96223833,40.79151333,0.9678749443233302
-73.97228167,40.784905,0.9678156422833357
-73.984475,40.78302333,0.9712399221166639
-73.97515667,40.78964,0.9739081028833262
-73.96217833,40.78093667,0.9691567449033389
-73.95764833,40.7896,0.9825224924100049
-73.89286,40.84138833,0.9837622209700038
-73.95836333,40.78989667,0.9776377063766701
-73.93310667,40.79522,0.9837990846400002
-73.898815,40.80721667,0.9772498402499976
-73.975995,40.78651667,0.9791058262500042
-73.98061167,40.78789333,0.9781173292166633
-73.96706333,40.807085,0.979859520596666
-73.96702333,40.79345333,0.9852259340800004
-73.98249667,40.77439333,0.9801824751933365
-73.95459,40.79726333,0.9803848223533377
-73.93384167,40.79543,0.9844502026066674
-73.97887167,40.78633833,0.9825228930133338
-73.98053,40.78922667,0.978443489203331
-73.9723,40.79635667,0.9815119577033308
-73.98471,40.785675,0.9833895814333321
-73.98227833,40.77546,0.9821346269200004
-73.94239,40.78637333,0.9809305595666675
-73.97824333,40.78618,0.9801596359433328
-73.97923667,40.78652667,0.9757684968966658
-73.977965,40.79070667,0.9761158931766671
-73.973785,40.78925667,0.9723021455766606
-73.95881833,40.79981333,0.9748300854466697
-73.98191,40.76774,0.9735102194400006
-73.98061833,40.78785167,0.9782359328766633
-73.92448833,40.84360667,0.9797208825299989
-73.89894667,40.80784333,0.980420884773333
-73.95300667,40.768135,0.9830329690600002
-73.956465,40.79106833,0.976775826493331
-73.94668333,40.78053667,0.9764576800900006
-73.955205,40.795475,0.9770919691999984
-73.97388833,40.79209333,0.9762677538700001
-73.95322833,40.78605333,0.9772983234600026
-73.97746833,40.78691833,0.9787936906899956
-73.93201,40.79670167,0.9820749243800003
-73.982295,40.77552167,0.9833058378466643
-73.94437,40.77540667,0.9760521841666671
-73.97374167,40.79201333,0.9764616868500002
-73.94584167,40.78166,0.9756591090833318
-73.97750833,40.78687833,0.9786426313233276
-73.98251167,40.77422333,0.9802826472000028
-73.95585,40.80458667,0.9881770010433327
-73.89406167,40.84209167,0.9752704419166655
-73.94356667,40.776545,0.9755296870066658
-73.97264167,40.79146333,0.9800394296433343
-73.980605,40.78903,0.9786197919099965
-73.95382833,40.78774167,0.9810319332266721
-73.96049833,40.75905833,0.9763783440399983
-73.94182667,40.79043,0.9838439611600003
-73.95644,40.78324167,0.9735719254066627
-73.95949,40.75906667,0.9745668333866674
-73.97020667,40.79417333,0.9845235279133313
-73.89813167,40.81011333,0.9843508316999968
-73.94727833,40.77857833,0.9787784643366649
-73.97653167,40.78666,0.9759700430000032
-73.98390167,40.78367667,0.9779169854266653
-73.899475,40.80542167,0.9778043924833326
-73.95653167,40.79101833,0.9770014138233304
-73.94396667,40.77597333,0.9792793244000001
-73.98472333,40.78499833,0.9783056527666679
-73.94893667,40.77330833,0.981791237233336
-73.98470667,40.78573,0.9840206648633334
-73.96068667,40.75916167,0.9772891077799973
-73.951185,40.79774,0.9833062385533352
-73.95443833,40.797615,0.9833427008600025
-73.97065667,40.76783,0.9815969033899974
-73.95697833,40.783335,0.9809750357266669
-73.95362833,40.78617833,0.9749923642966681
-73.93213833,40.79653667,0.982488835046666
-73.95492333,40.79676667,0.9807201981700001
-73.887255,40.82287167,0.9777274599299972
-73.95680833,40.79073667,0.9751911056433312
-73.92461167,40.84343167,0.9788121222033314
-73.902365,40.80613167,0.9815051461166671
-73.89948167,40.81362667,0.98205609171
-73.9465,40.78071167,0.9766828667999977
-73.947145,40.805955,0.9888056804100033
-73.95983667,40.80953,0.9787648410800032
-73.95479667,40.79690667,0.9823289603500029
-73.945695,40.78186167,0.9751850952533325
-73.971625,40.791,0.9824768141400021
-73.97831833,40.7908,0.975570156180001
-73.97892167,40.79080333,0.9801840780566661
-73.88750833,40.8226,0.9824688005566712
-73.983185,40.78434667,0.9821706887633392
-73.97217667,40.7966,0.9801997045700009
-73.94266,40.78591667,0.9821694868299996
-73.94932167,40.77342667,0.9844081301533333
-73.98251167,40.77396333,0.9811926095300016
-73.94351667,40.77660833,0.9748725587366636
-73.95702833,40.79038833,0.9744746755566667
-73.96737333,40.806175,0.9811865991366698
-73.95818167,40.78188,0.9832637652599991
-73.94980333,40.816245,0.978424657446667
-73.91806833,40.83678667,0.9815011393233317
-73.95192833,40.77375833,0.987409683346666
-73.95868167,40.79000333,0.977050297850002
-73.96004167,40.773365,0.9829139649399998
-73.89871333,40.806685,0.9737814852799952
-73.92465667,40.843095,0.9840923881533377
-73.98121,40.76888333,0.9805863685066648
-73.954495,40.78656667,0.9771612880133358
-73.95993833,40.77355667,0.9834360613233336
-73.97859167,40.790915,0.9797048552466655
-73.95254167,40.76849333,0.9777302645499962
-73.97175333,40.79723333,0.9798543115999981
-73.96372167,40.79215333,0.9754639738133338
-73.95286,40.78659167,0.9813761248633313
-73.961075,40.75933833,0.9793490446066598
-73.97226167,40.79645333,0.9802229445233326
-73.96766833,40.80002167,0.991345240726666
-73.949095,40.79414667,0.9967320890400003
-73.96059167,40.797535,0.9839914148166605
-73.93322,40.795155,0.9853473428733346
-73.94806167,40.78681,0.9864312033933311
-73.899135,40.81350667,0.9861443107633339
-73.90962667,40.84315667,0.985721986093329
-73.95757833,40.76121,0.9884270302933328
-73.91770833,40.83735333,0.9884658967733325
-73.98724667,40.77075833,0.9899893127933368
-73.87953667,40.80615167,0.9927817065466706
-73.97206,40.765805,0.9874870164933348
-73.9024,40.83370667,0.9922283565799961
-73.95461833,40.79562833,0.9911440951433352
-73.90329667,40.811215,0.9904917752433334
-73.93413833,40.79555833,0.992489204273337
-73.90040833,40.81547667,0.9955616794533362
-73.95488,40.80417,0.9922415794033369
-73.92372,40.84413333,0.9897112351500025
-73.895605,40.80892667,0.9889667570033337
-73.95195833,40.7693,0.9887796357700006
-73.92564667,40.84142667,0.9864965154066613
-73.942635,40.79075333,0.993142726326666
-73.92131667,40.83194167,0.9926679116000012
-73.98715333,40.77091833,0.9895233127266698
-73.89874,40.81051333,0.981140920530004
-73.897585,40.81975,0.9907534245533344
-73.90627,40.843665,0.9909281242066711
-73.970495,40.767875,0.9862869559899978
-73.941085,40.79014833,0.986823476866672
-73.97013333,40.79409667,0.9839128798299994
-73.88117167,40.80541333,0.9921642464233378
-73.91002833,40.84028333,0.9916677943566631
-73.88944167,40.80749333,0.9950996865966671
-73.95901667,40.75951,0.9883989823833366
-73.90356167,40.817495,0.9934773009733343
-73.96688667,40.807605,0.9885183873066652
-73.97541167,40.786255,0.9845183192099956
-73.912915,40.835245,0.9911657321066726
-73.89614833,40.81892,0.9940330554699967
-73.95433333,40.78149167,0.9908479869500021
-73.92512667,40.84229167,0.9899087742033328
-73.90222167,40.80517667,0.9863314326466667
-73.917745,40.83730333,0.9874357281033328
-73.95701833,40.76218833,0.9858966854799975
-73.91789333,40.83208833,0.9946320834433334
-73.956985,40.76223,0.9860196966866641
-73.96148333,40.75945667,0.9811593524499936
-73.90956,40.84112667,0.9870991502666677
-73.94763167,40.7854,0.9925412938866621
-73.97201333,40.765855,0.9876432848000013
-73.95799667,40.76086,0.9835738977233309
-73.96383333,40.76041333,0.9893974964300067
-73.88087333,40.80545833,0.9919911492200041
-73.98283833,40.782095,0.9900954950766664
-73.94646,40.785155,0.9922463877833327
-73.90953333,40.84341,0.9949694629666671
-73.969145,40.793605,0.9857384141433325
-73.94900333,40.79004833,0.9886978953566671
-73.95807667,40.80547333,0.992484796896662
-73.98504833,40.780215,0.9878812930166609
-73.89324667,40.84277667,0.9881357301866671
-73.95255667,40.786845,0.9888373349099976
-73.95508,40.79237667,0.991688629923329
-73.92208333,40.841025,0.994854465416667
-73.892235,40.842125,0.9846473408100007
-73.88972167,40.80855,0.9985516132100003
-73.958945,40.75958833,0.9922704286766703
-73.96860667,40.76490833,0.9895044803266618
-73.95697833,40.81226,0.9884486671099997
-73.971345,40.76693167,0.9869697278899954
-73.88797,40.82323333,0.9872902787666682
-73.97463167,40.79340167,0.9889899968233311
-73.946495,40.785135,0.9944052943566665
-73.95584,40.79158,0.9816786438333311
-73.91757833,40.84419667,0.98825914216
-73.90011833,40.81484833,0.9874990369533339
-73.97195667,40.76595333,0.9891546797199984
-73.97126833,40.767035,0.9885925141466646
-73.93475833,40.7991,0.9915219436499954
-73.96877667,40.76495667,0.9910367110200008
-73.94826333,40.79514333,0.9953749592566674
-73.971365,40.79778667,0.9842089883199956
-73.95539167,40.79191833,0.987483009536673
-73.95947,40.7742,0.9895389387966694
-73.96063833,40.772585,0.9845391549866631
-73.903525,40.80943333,0.9907882844499987
-73.971035,40.76733,0.9865389883433285
-73.90302833,40.80945167,0.9908015071199999
-73.957995,40.78214667,0.984327992486666
-73.949355,40.79019833,0.990411236903337
-73.95730833,40.81173833,0.9888758005800016
-73.95949333,40.77413167,0.989207970583336
-73.97253333,40.79134,0.9860641732233323
-73.970795,40.76757167,0.985426278136666
-73.964165,40.80805833,0.986985354626669
-73.952775,40.774125,0.988759200556665
-73.96780333,40.800805,0.9930730069333322
-73.94580833,40.77790333,0.986887587293329
-73.960155,40.77318667,0.9883144371733356
-73.95950833,40.77407667,0.9886534187300012
-73.90968333,40.842745,0.9880848429000008
-73.89594667,40.80889833,0.9918609257566648
-73.93151,40.79741333,0.9922039144299987
-73.96144,40.797755,0.9895982410899973
-73.95109333,40.79770167,0.9864195840100024
-73.95569667,40.79168167,0.9840839736833332
-73.96358167,40.80831,0.9872305760033339
-73.91739333,40.84411,0.9905626965466682
-73.96988833,40.79453667,0.986018094016662
-73.879635,40.80643333,0.9997833280366692
-73.96904,40.79355167,0.9843504310800012
-73.983515,40.775965,0.9868134597166653
-73.91753833,40.84416833,0.9900426037733348
-73.95755667,40.76125333,0.9857788833099983
-73.98553167,40.78030667,0.9878981219266613
-73.94354333,40.78470667,0.9892720809966687
-73.92570833,40.84131333,0.9902778076999975
-73.97783167,40.78652,0.9849807135066684
-73.95793167,40.80602167,0.9891210214633335
-73.972215,40.765515,0.9910206828200016
-73.97948333,40.79043667,0.9883280605833352
-73.90565167,40.84361667,0.9878031590400038
-73.89642,40.81940667,0.9923770121566651
-73.972105,40.76878333,0.9852319449633342
-73.92396833,40.84403833,0.9847314851433331
-73.97109,40.76729167,0.9856342349499964
-73.90371167,40.80930667,0.9901740297999989
-73.95429833,40.81096833,0.9920224033133315
-73.90236333,40.83376333,0.993282566626662
-73.89312667,40.84268,0.9858742473666656
-73.95801667,40.81085833,0.9851033234333331
-73.94812,40.806325,0.9898282360166676
-73.90793333,40.80256,0.988525599346667
-73.94937833,40.77346333,0.9846417310266653
-73.98492333,40.78015333,0.9870274269633282
-73.970135,40.794275,0.9853469419433284
-73.89464833,40.809025,0.996341418639998
-73.899735,40.81426333,0.983289409383332
-73.90311167,40.809555,0.9886898815833346
-73.96292,40.809115,0.9881589701366613
-73.95783,40.78233333,0.9854374974600039
-73.88759333,40.806415,0.9951501730833331
-73.96336167,40.80860333,0.9866095093466689
-73.95013333,40.81740667,0.9847202657266668
-73.954585,40.79564833,0.9911685371166684
-73.903075,40.817455,0.9889134650733353
-73.95623667,40.79130833,0.9871844967533326
-73.91732667,40.84535833,0.9975751365766677
-73.90507833,40.84362,0.9858662334833322
-73.951195,40.77346667,0.9903395135666665
-73.90236167,40.81729167,0.9850668610899983
-73.96040833,40.80168167,0.9908331611699994
-73.944875,40.78727667,0.9880363592433361
-73.98692,40.77126667,0.9905098062766707
-73.94251333,40.78649167,0.9844185482500016
-73.95009667,40.79031333,0.9975827493166628
-73.884795,40.804875,0.9965121112966674
-73.95473333,40.82247167,0.9989583113566687
-73.947025,40.78921333,0.9938799925966652
-73.94809667,40.78557667,0.9940326544966613
-73.95631167,40.80473,0.9979509817399986
-73.906315,40.81544167,1.0015615807033325
-73.906095,40.84464833,0.9965601939866657
-73.98854333,40.76914833,0.9952828006466691
-73.95643167,40.82298167,0.9926795309233332
-73.96454833,40.799075,0.994950630523334
-73.95014667,40.77375167,0.9926338529199995
-73.90134833,40.83540667,1.0022383429066657
-73.89738667,40.80789833,1.0007229411033316
-73.91745,40.845115,0.9983063921133345
-73.904615,40.80801667,0.9915560026800011
-73.91316,40.827285,0.9934785027033332
-73.914005,40.83562167,0.9975306604000009
-73.91233667,40.82942333,0.9950564121666728
-73.96472333,40.79915667,0.9949233837066686
-73.91226833,40.82940167,0.9955540665933392
-73.91735333,40.83290167,0.9966808011666664
-73.953495,40.81755667,0.9991967209400037
-73.90972167,40.82632333,0.9946945910600039
-73.95696333,40.77681833,0.9989775439499999
-73.91689667,40.80412167,0.9963995182000054
-73.894685,40.84391667,0.9964820601333321
-73.91581333,40.83496167,0.9915139299399984
-73.89158833,40.82145833,1.0005702791199975
-73.91717,40.83334167,0.9975743348766661
-73.93579667,40.79961667,1.0001383372366672
-73.909525,40.82669667,1.0019165905299976
-73.925235,40.826975,1.0013612365699973
-73.90352,40.81751,0.9957888698366676
-73.91058667,40.83936333,0.9952162866166666
-73.92255,40.82338833,1.0025873420333336
-73.95286,40.818075,0.9960713547833319
-73.9122,40.84474833,1.0001864202100037
-73.903805,40.81188,0.9990308358300001
-73.92686333,40.83529333,1.0026117841466717
-73.90882667,40.843765,0.9972738191233371
-73.99138833,40.77586333,0.9985908803300003
-73.962415,40.80243333,0.9901327586133365
-73.893215,40.84425667,0.9945034629733309
-73.89811667,40.81923333,0.997332319456662
-73.89667833,40.84407833,0.997352754679994
-73.92572833,40.84127,0.9903635549266644
-73.89257667,40.84387167,0.9951702077333334
-73.95827667,40.774705,0.9962340337533315
-73.93841,40.80229333,0.9983184127966659
-73.96528333,40.79930667,0.9928498235100034
-73.94929167,40.79698333,0.9968695251266665
-73.88392667,40.81553333,1.0003939760533316
-73.89794333,40.83639,0.9998646670866632
-73.896715,40.80842,0.9966327186366696
-73.98891833,40.76938833,1.0004628948766687
-73.90439333,40.808115,0.9941532615033343
-73.91538833,40.83536667,0.9974805744199974
-73.97155833,40.766505,0.9952327150633313
-73.95496167,40.77345667,0.9932597273766677
-73.94806667,40.79310667,0.9980892194333338
-73.97364167,40.79474167,0.9968923646266656
-73.95694833,40.80499,0.9968663193766669
-73.90419833,40.81585833,0.9954390691866667
-73.92742833,40.83408,0.9989298624666657
-73.91715167,40.844005,0.9936143360066664
-73.957195,40.82223833,1.0025444685700042
-73.90078,40.8415,1.0014778374000028
-73.95710667,40.80716333,0.9927079800766629
-73.95403167,40.77551333,0.9991346142266618
-73.91676667,40.80406833,0.9970025536400029
-73.89541,40.81758333,0.9944297363100044
-73.894235,40.80907833,0.9996907689666639
-73.90390667,40.80835167,0.9919062038933343
-73.89524667,40.81734,0.9940126197700014
-73.95109833,40.78876833,0.9963318015799956
-73.891595,40.82153167,1.0016473283633336
-73.95975,40.801385,0.9942979099966706
-73.94890167,40.80167,1.0085459725266712
-73.96678333,40.80389833,1.0022748053500028
-73.93246333,40.79813333,0.9971271677699948
-73.964275,40.76059167,0.992812959990005
-73.97178833,40.76615667,0.9917359111066668
-73.95899333,40.809555,0.9936844568333326
-73.91556667,40.83522167,0.9923605835566661
-73.961635,40.79784833,0.9925533148333323
-73.94739333,40.78528667,0.9939981953099969
-73.95279,40.77490333,0.9964728438033343
-73.919065,40.84354333,0.992040033406667
-73.92630833,40.834865,0.9973876145299992
-73.95199333,40.81882333,0.9941957340933297
-73.93536833,40.80039333,0.9927853126633276
-73.89158333,40.821185,1.0009008464833313
-73.96228333,40.79816,0.9962336337233328
-73.947745,40.79293,0.9968675212566654
-73.89792833,40.81943,0.9939637364099962
-73.87980333,40.80564167,0.9933771288866675
-73.95477667,40.78076833,1.0004889393366723
-73.956035,40.77378667,0.9922351682799961
-73.93538667,40.80095333,0.9965698102500007
-73.92721,40.834035,0.9990256268999991
-73.95703667,40.7632,1.001151276593331
-73.95860333,40.76001667,0.9947302521033299
-73.962185,40.80231667,0.9927933266900029
-73.95936,40.77446667,0.9994551644633354
-73.91331167,40.82978,0.9975358690099989
-73.895245,40.84396167,0.998502729469999
-73.90502167,40.84424,0.995845767583329
-73.96481667,40.799195,0.993924067966669
-73.92139333,40.83182,0.9975126290133318
-73.91755,40.84626833,1.0001868206966673
-73.88854167,40.806315,1.005198224753329
-73.95483667,40.794275,0.996190759836668
-73.98883667,40.769325,0.9938531462233354
-73.94841667,40.78615167,1.0003286642066622
-73.91302167,40.83857333,1.0067300548333284
-73.95843667,40.76429833,0.9988429132599994
-73.89597667,40.84400167,0.9964215558399974
-73.90328,40.8087,0.9925000228566645
-73.90519333,40.80768,0.9985864727999982
-73.93185,40.79783833,0.9924711735133322
-73.88334667,40.81329,1.000786650260002
-73.98191333,40.78349667,0.9985592259433381
-73.95489333,40.773545,0.993586288060001
-73.96964,40.76536333,0.9984113725066673
-73.959795,40.80140333,0.9934464480933375
-73.91729,40.84560167,0.9943844583233367
-73.92724333,40.83541667,0.9960937930499997
-73.89827833,40.81907833,0.9971920787799949
-73.91718167,40.83325167,0.9970189814733346
-73.91836667,40.844505,0.990214098370002
-73.88595,40.80504,0.9955300249266666
-73.91238,40.83506167,0.9949902983433361
-73.91654667,40.84372,0.9934468482800003
-73.953765,40.79819333,0.9995905967666704
-73.96897,40.76510667,0.9945419288566645
-73.98839833,40.76930833,0.9961983725666673
-73.9536,40.80364333,1.0060012033833325
-73.89359333,40.84446,0.9931551479833322
-73.92751833,40.83859333,0.9991462340133325
-73.88758833,40.82077167,0.9970113689333393
-73.95790833,40.774565,0.9928578371399963
-73.94574333,40.78616,0.9961494884133314
-73.90973,40.840805,0.9932312787866666
-73.89895667,40.83655833,0.9946200632233304
-73.948925,40.79436,0.9969809163666656
-73.89852833,40.81886667,0.9931860011799959
-73.89892167,40.81846333,1.0004488703966632
-73.894965,40.80901833,0.994209357896667
-73.95905167,40.81632333,0.9962372395633311
-73.988065,40.76966,0.9961775367833356
-73.95814667,40.77465667,0.9936059214033279
-73.95968167,40.80942667,0.9904404875000014
-73.95230333,40.774715,0.99482761899
-73.87966833,40.80660333,0.9922011097033377
-73.96921333,40.76518667,0.9956189781033331
-73.98791333,40.76985833,0.9943556086166698
-73.887645,40.82072333,0.9979986638800052
-73.92759667,40.82512667,0.994699399046666
-73.95475667,40.79444,1.00165093413333
-73.90928667,40.8438,0.9942309947133328
-73.90280667,40.80849833,0.9902261186633345
-73.896405,40.83876333,1.001130841440006
-73.943345,40.79105833,0.9981248804533334
-73.89379667,40.809135,1.0004272330200001
-73.92758167,40.83860333,0.9982591109366642
-73.929355,40.82962667,1.002558492596665
-73.94887667,40.79442333,0.9947110192166672
-73.95904833,40.78071333,0.9916549725799968
-73.95209833,40.77465167,0.9944850309866655
-73.98273833,40.78222,0.9916044858999984
-73.98848167,40.769195,0.9959856072500024
-73.95282333,40.81810833,0.9971307737566639
-73.92761833,40.82505333,0.9938555501933329
-73.90984333,40.826115,0.9925428967000075
-73.98481667,40.77417667,0.9961550988400057
-73.88612167,40.805795,0.9996979811366687
-73.89464333,40.81779333,1.0011885404833387
-73.954065,40.79587667,0.9939112458366668
-73.94844833,40.79487333,0.9951221252800019
-73.95912167,40.80943333,0.9952852052466636
-73.96473333,40.80831333,0.9971644310200035
-73.93796167,40.80208333,0.9983216182466659
-73.94821333,40.795215,0.9976600826433363
-73.95698167,40.81402333,1.0021814453999982
-73.98765833,40.770145,0.992507235086673
-73.95334333,40.77503167,0.9960493165366665
-73.89783167,40.83627167,1.000116299153329
-73.95161833,40.76979667,0.9962188081466644
-73.88209833,40.8127,0.9958525789966622
-73.911355,40.83470833,0.9963334044033352
-73.90652333,40.84469167,0.9992375909566681
-73.96174333,40.81029833,0.993793443486666
-73.954845,40.79424833,0.9931158804333305
-73.93846833,40.85229167,1.0046572959966686
-73.93244833,40.79610667,0.9884534756500003
-73.91649,40.834185,1.0038102415700028
-73.95451,40.80401333,0.9904637271966695
-73.96290333,40.80265333,1.0006243718366647
-73.95828167,40.76455833,0.99491737378
-73.895195,40.840695,0.9981753670266662
-73.94478333,40.80008,1.001799589420003
-73.90266,40.83337667,0.991114043343332
-73.89440833,40.84419667,0.9945427304033323
-73.90281667,40.808575,0.9916505643733331
-73.95429333,40.76869333,0.9952443347533354
-73.88908167,40.81861,1.00024812599667
-73.90456667,40.81534,0.9985808635566652
-73.95658667,40.762765,0.9940538908833385
-73.898605,40.81880333,0.9929315643599961
-73.88737833,40.81410333,0.9982859566299991
-73.98473833,40.774265,0.9964520086033382
-73.927855,40.82134,1.0022595795333307
-73.9097,40.84086667,0.9930381471733327
-73.984385,40.774745,0.9966194962066715
-73.957215,40.814255,1.0060484847500006
-73.964235,40.79894167,1.0007193350633339
-73.91369,40.82690167,1.004889695216668
-73.953395,40.82254333,1.0081284553833298
-73.95733167,40.77728833,1.000231296686666
-73.91549333,40.80421833,1.00646800451333
-73.880915,40.81152667,1.0019738888099974
-73.91990833,40.83434333,1.0014261483466662
-73.92032667,40.833665,1.00747853999667
-73.91376333,40.82685167,1.0050888371333344
-73.97042333,40.76511333,1.0036307330700038
-73.94539667,40.79196833,1.0054274182033365
-73.94658833,40.811645,1.0078107102200013
-73.89910667,40.81815,1.0032496791666667
-73.94311667,40.80235333,1.005588093790004
-73.96771833,40.801715,0.9996935736799982
-73.91312333,40.83861167,1.0060681183366613
-73.888585,40.823425,1.0004176169299994
-73.92573667,40.82608167,1.0030865994033313
-73.95396167,40.79502333,1.0043824241066666
-73.925275,40.82094333,1.0052070394633312
-73.88828333,40.814165,1.007797487203333
-73.90457167,40.81237833,1.0049053221233293
-73.95648833,40.808055,1.0063818569266696
-73.95703833,40.77775833,1.003584654226668
-73.91415667,40.81642667,1.0049505992666639
-73.88502167,40.81249667,1.0090760823999996
-73.91440167,40.83907,1.009596175483335
-73.91688333,40.81158333,1.012804484013335
-73.95503667,40.768995,1.0001299230533343
-73.89778667,40.80872333,1.0008411439700005
-73.88768667,40.816435,1.0108435174366694
-73.91684167,40.81832667,1.0172433048033311
-73.928015,40.82156,1.0049169420733306
-73.90333667,40.83239167,1.006455583126668
-73.956075,40.77899667,1.0038318786200018
-73.92338333,40.82285333,1.0071595918633345
-73.88873167,40.82591333,1.007852381470002
-73.95734167,40.822095,1.0007718250633384
-73.94967,40.80212,1.0074905605733346
-73.95110833,40.77415333,1.0045038322066722
-73.916905,40.81819833,1.0112682461566624
-73.92789,40.82876667,1.0057311397233333
-73.90241833,40.83191,1.0092956594966669
-73.94677167,40.80067333,1.0073671482466673
-73.91132167,40.83815,1.0054995420333346
-73.88640667,40.81517667,1.0088541016100023
-73.88276167,40.80516833,0.9982575082566623
-73.970955,40.76449167,1.0075121972333334
-73.93840833,40.85323,1.008795200506665
-73.95042167,40.828105,1.0063582159533337
-73.92029667,40.82235,1.0038443002133326
-73.95137667,40.82775167,1.0065733858266652
-73.89914,40.81825833,1.0051922143966636
-73.94485333,40.79999167,1.0031459009400014
-73.95094,40.77068333,1.0057828282800028
-73.928,40.828835,1.0065585603300007
-73.93497,40.85694833,1.0078423645266674
-73.900165,40.84130833,1.008357248476664
-73.93549,40.799435,0.9996002132833343
-73.94836,40.80914,1.010739738833334
-73.95611333,40.77655,0.9995549356066665
-73.958805,40.81604167,1.0019658748366682
-73.95662833,40.76301,1.0060100182199994
-73.89142667,40.80950667,1.0035413797733326
-73.91336167,40.81802,1.0086072778533328
-73.915845,40.84339167,1.0123645288599947
-73.94817,40.80934833,1.0102841565766632
-73.90655833,40.80691833,1.0016837906699996
-73.90327333,40.83221833,1.005173782346663
-73.92103167,40.84225833,1.0062896988433345
-73.91189833,40.82040167,1.0119454087499986
-73.90588333,40.80402167,1.005277160123331
-73.90573167,40.826655,1.008376481620001
-73.96764,40.802315,0.9998169852766668
-73.91044667,40.82497833,1.005806468726663
-73.89537667,40.810705,1.0026230028966698
-73.91118,40.82158833,1.004426900726668
-73.90675333,40.83162167,1.0053589008366701
-73.9144,40.81598167,1.0038847700133342
-73.95602333,40.77648833,1.0004945490733337
-73.95771833,40.82165333,1.004570346786671
-73.95971333,40.81915833,1.0078018948700025
-73.93966333,40.80439,1.0062299961300012
-73.91657,40.83409167,0.9996599156700021
-73.88372333,40.814715,1.0076977162366678
-73.92625333,40.82550667,1.0042305636199953
-73.958745,40.77490333,1.0036808195199989
-73.896195,40.812295,1.0078812312266652
-73.90958667,40.81901,1.0071459688733302
-73.95390833,40.81774,1.005962737629999
-73.94762833,40.80501833,1.004013390089998
-73.92711167,40.83684667,1.0104628637033364
-73.950715,40.770995,1.006268862653338
-73.95317667,40.81086667,1.0021189377399986
-73.95087,40.828295,1.0075234171033338
-73.95641667,40.80816,1.0046829400200021
-73.90501167,40.81243,1.00834082036
-73.91447333,40.83909667,1.0093088822033351
-73.95641333,40.76700667,1.004014191426668
-73.94682833,40.79254,1.0022171062466683
-73.90144833,40.83526833,1.000490141329997
-73.93510667,40.856515,1.0052282762300042
-73.95026,40.82633333,1.0123609225133323
-73.96389833,40.803115,1.0013135550566643
-73.92680833,40.820025,1.009084096523332
-73.949935,40.82212667,1.005619748463335
-73.94524667,40.791905,1.0025336497699995
-73.95747833,40.81447167,1.0067933633033341
-73.938315,40.85225667,1.0145294454533358
-73.886315,40.81508167,1.0104933159600018
-73.90274667,40.80809,0.9981537299800038
-73.94783333,40.80122333,0.9991514429499992
-73.91785333,40.82135,1.0088777420699966
-73.90180167,40.82991833,1.0031911790466652
-73.92715333,40.83694667,1.0101839848766683
-73.90709,40.813395,1.0071395578400024
-73.90569167,40.81255667,1.0069596489300023
-73.94996833,40.77214333,1.0019346211433344
-73.95628833,40.81817667,1.0074741319933351
-73.94262,40.80300167,1.0045903807300005
-73.885985,40.80516167,0.9968875557433383
-73.95663667,40.80783667,1.0007053107633321
-73.89108,40.80955,1.005350085260001
-73.90856667,40.819325,1.0000658126433364
-73.95634833,40.80825667,1.0075206121199995
-73.905805,40.80397833,1.0048319958333312
-73.99316333,40.77099333,1.0024539131633312
-73.91834667,40.83135333,1.00829153526333
-73.88836667,40.81414167,1.0097276009166678
-73.94795,40.8254,1.0117286365400031
-73.94740833,40.80539333,0.998714693026669
-73.89838333,40.81538333,1.0066835745233311
-73.88806167,40.81696333,1.011309517176669
-73.92751,40.83609333,1.0079000635033357
-73.92344167,40.82275167,1.0067012048500013
-73.92994333,40.82993833,1.0046184294133338
-73.892005,40.82039667,1.0079942251333311
-73.958745,40.81598,1.0065625668133342
-73.89825,40.817515,1.0057267321366654
-73.8973,40.83765167,1.0040526574533308
-73.907355,40.83061667,1.0064099053100046
-73.99219333,40.77056833,0.9973407341000042
-73.890005,40.809575,1.0073070451600015
-73.88873667,40.825195,1.0053953633199995
-73.96696,40.80363167,1.0041167676400014
-73.94979667,40.77238,1.0045751547300052
-73.967625,40.80240833,1.0014734292599994
-73.91402,40.8267,1.0040426408600012
-73.92663333,40.83859667,1.0047558652133324
-73.889,40.80629333,1.0149012841133278
-73.90162333,40.840655,1.0055400112600026
-73.88382333,40.81513667,1.0061153994766683
-73.95991167,40.81886667,1.0005835012966657
-73.90819833,40.82002667,1.00360148289
-73.92796333,40.82146167,1.0040498533333293
-73.94582167,40.813665,1.0079802010300047
-73.91688167,40.81824167,1.0126009342533298
-73.91344833,40.81805667,1.0060857484400003
-73.91319,40.83864333,1.006988899209996
-73.90831333,40.81979333,1.0026490477666679
-73.94402167,40.80110833,1.0050491684966658
-73.91057667,40.82469667,1.0097800911
-73.96708833,40.80343833,1.0052947902233351
-73.90664667,40.83186833,1.0045499119166692
-73.906675,40.80724,1.002159006519998
-73.95321333,40.82268,1.0092567927333342
-73.95505833,40.768935,1.000283386533335
-73.903065,40.83277167,1.0037232921166652
-73.910895,40.82208667,1.0111155841333348
-73.92321333,40.8232,1.0088404779000006
-73.913715,40.819245,1.0123741452933293
-73.92732,40.83648333,1.0066959961666666
-73.91877,40.83076167,1.0098177560033337
-73.89753667,40.81623167,1.006905155386671
-73.91799833,40.82138167,1.0088492932366635
-73.94412833,40.80097333,1.008220213083331
-73.88917833,40.806535,1.008037900029998
-73.90180333,40.84036333,1.0067148281733356
-73.90721167,40.81302833,1.0083131728700008
-73.88511833,40.804805,0.9970269952033334
-73.91979,40.83454333,0.9975190400266668
-73.926155,40.83864667,1.0076664626333285
-73.95398833,40.79501,1.0058192911066666
-73.94895833,40.80662333,1.0046625049633313
-73.89815667,40.81745333,1.0063582163600002
-73.91352333,40.84501833,1.0095557061266687
-73.88721,40.82098,1.0026362256800057
-73.95652667,40.817855,1.0065653719733336
-73.95433667,40.79483167,1.0076804866000013
-73.957435,40.77713667,1.000273769576666
-73.90859833,40.81925333,1.0022471579133334
-73.89488,40.81244,0.9996599159766657
-73.96657,40.76173167,1.0086437400966655
-73.94724833,40.82695167,1.007585523513335
-73.94679,40.78497667,1.003731306026667
-73.888435,40.8219,1.0065910155966689
-73.95447667,40.82236,1.0020588347300057
-73.95979833,40.81788667,1.006167889526666
-73.89967667,40.83744,1.0053032047100012
-73.888725,40.82527167,1.0061049815666674
-73.92176167,40.84128667,1.001556371946666
-73.949105,40.80174667,1.0078347514300037
-73.91587667,40.84341333,1.0118628675133288
-73.88858,40.82013167,1.0045927850700012
-73.92720833,40.83858167,1.0015896289966684
-73.9235,40.822655,1.0067925617033346
-73.9024,40.83583,1.0030597532333287
-73.94767833,40.804945,1.0051048641266638
-73.95045333,40.82152833,1.0108583428733384
-73.91705833,40.81788167,1.0064010895699973
-73.91444167,40.81590167,1.004578761493334
-73.989665,40.76961833,1.0097632626233313
-73.9277,40.83799667,1.0109224524399996
-73.88897,40.82614,1.0064724121366706
-73.90213833,40.83855167,1.0094819798200025
-73.97289833,40.76470333,1.0142004805000018
-73.93567,40.85557833,1.018356415699999
-73.92505,40.82728667,1.0113211373066624
-73.9076,40.82537,1.013753312600003
-73.95227333,40.8224,1.0167428453300031
-73.92109333,40.84207833,1.010053761570002
-73.90787,40.82969667,1.0161374059300043
-73.925565,40.81185167,1.0168153701133362
-73.92020333,40.80381,1.0145186271833335
-73.91703333,40.81133333,1.0150006547666657
-73.91502,40.83927167,1.012378151999997
-73.91529833,40.81451333,1.0183904744033345
-73.95131833,40.80464333,1.0128645872800013
-73.90041833,40.83100833,1.015353660536663
-73.90781667,40.804365,1.0111207927366659
-73.96556,40.80860167,1.016479993963335
-73.91344333,40.81764833,1.0132408331366691
-73.94750333,40.80523167,1.0047871187633333
-73.91556,40.814055,1.012988399856668
-73.88591667,40.80491833,1.0025761227566674
-73.91577333,40.82062667,1.013835052996666
-73.942,40.80379833,1.0177846344133257
-73.92731333,40.81059333,1.0127287539433305
-73.929665,40.85748,1.013518910616663
-73.95325333,40.81254,1.0150431269733289
-73.93138833,40.832545,1.0175013480366615
-73.90421,40.827805,1.0146183984733321
-73.950725,40.82658,1.0162003139733327
-73.90694833,40.81372333,1.0111632663433292
-73.97295833,40.76460167,1.0147951014066718
-73.91921833,40.82172333,1.0164571549033317
-73.92314833,40.813085,1.0131001918833349
-73.88961,40.81392,1.017377936153332
-73.99017,40.76980833,1.0151108433433293
-73.90232333,40.831875,1.0118512470633314
-73.92969667,40.81767667,1.0149954452333352
-73.94546167,40.81320333,1.0150847987066727
-73.885275,40.81345333,1.017082228576665
-73.95940167,40.81961667,1.013689203106667
-73.95471,40.81814,1.0089390469533326
-73.911395,40.81944333,1.0138130153933338
-73.92000667,40.83071167,1.0124675054733319
-73.99035333,40.76987667,1.0161089569899973
-73.94227,40.80345167,1.0148644206766635
-73.92993167,40.81725667,1.0127656167266696
-73.927115,40.83688833,1.0113812405033364
-73.95013833,40.82800833,1.0082154048500007
-73.90118833,40.83146667,1.0114209086933288
-73.96804833,40.76247333,1.016516055896661
-73.92565667,40.82784333,1.0107758007700052
-73.95005,40.82799667,1.00784556986
-73.91987667,40.84351333,1.0036199148033311
-73.91644667,40.812365,1.010258112069998
-73.88888833,40.81402833,1.0149068934400012
-73.91512167,40.81474,1.016425099983334
-73.92747833,40.83737667,1.0109236544799993
-73.94713667,40.814145,1.0143142760899975
-73.95832667,40.82126833,1.0164126786700025
-73.92855167,40.83437667,1.0070285670166628
-73.96563667,40.80862333,1.0162904686633347
-73.92282667,40.81327333,1.013411526466668
-73.88834167,40.81744,1.0103085984866667
-73.89170167,40.82336833,1.0163810241633287
-73.932395,40.85924333,1.022188995979996
-73.919775,40.814825,1.0188039841200003
-73.88878,40.81404333,1.0140249792166662
-73.97295167,40.764625,1.0161117620500044
-73.90818667,40.80459167,1.015246275996668
-73.92286667,40.813245,1.013850680480001
-73.91622,40.81278833,1.0164519459733319
-73.92041333,40.80390167,1.013318566773335
-73.90983333,40.81099833,1.0162912703466664
-73.925075,40.82724,1.013123030469996
-73.91389667,40.83019833,1.0108431167333374
-73.94804833,40.80953333,1.0132131856299993
-73.891675,40.82303667,1.014464533619999
-73.93136167,40.83259333,1.0172929903066616
-73.92967333,40.83463667,1.0140021402533335
-73.908085,40.82489667,1.012013525513335
-73.95611833,40.81839333,1.011322739603335
-73.968215,40.76263,1.014254573509995
-73.93088833,40.829785,1.0176299682766656
-73.96700833,40.7619,1.014681305956662
-73.91734333,40.81083,1.0177097052033324
-73.88534,40.82111167,1.0177493738766614
-73.95061333,40.82645,1.0126834762966679
-73.92607,40.81158833,1.013661555173333
-73.94233333,40.80337,1.0119466109933333
-73.92587,40.83911833,1.0154750693299992
-73.947835,40.808745,1.0200060482799989
-73.88607833,40.82117667,1.0183608233799981
-73.95296333,40.81264667,1.011619649556664
-73.95690833,40.81564,1.0156461628266635
-73.94897667,40.825845,1.0125356224299997
-73.94867167,40.81370333,1.017960535879999
-73.92735333,40.82844833,1.0112798659466655
-73.92272167,40.81333667,1.0128413474866682
-73.91376333,40.83042667,1.0177429625600045
-73.89739333,40.84415667,1.0098862732333325
-73.95433833,40.81791833,1.008015461256666
-73.91852333,40.821515,1.0126582329866665
-73.94363333,40.80163333,1.0121697942599974
-73.943845,40.80132833,1.0074536969399994
-73.92837667,40.834315,1.0094499243966646
-73.91067833,40.81921667,1.0100838130966674
-73.92539667,40.84013167,1.0126057428066662
-73.88531167,40.81359,1.0126822740766703
-73.90783333,40.82975667,1.016371407686671
-73.89806167,40.815735,1.0100641787533369
-73.95340167,40.81234667,1.0128145013766612
-73.95271167,40.82249167,1.0145102123866718
-73.89131167,40.814285,1.0200256820800029
-73.918755,40.82158333,1.0131815314266663
-73.93015333,40.81678333,1.0129411181599999
-73.89168,40.823105,1.014751426219998
-73.93154167,40.83219333,1.0161041490933287
-73.97202167,40.76427,1.008250264330002
-73.90945333,40.84482833,1.013231617093333
-73.92837833,40.80729333,1.0153043756399969
-73.92188333,40.80452333,1.0161249848533331
-73.93818667,40.80339667,1.0169756451433323
-73.91659167,40.81888,1.0162652252900062
-73.94955167,40.81246833,1.0192828061333314
-73.94690333,40.81404833,1.0168205791733285
-73.92833,40.82136167,1.0104135790100002
-73.889095,40.80635667,1.0145302470766606
-73.90821167,40.82911,1.0166182313600067
-73.88949,40.82586,1.0099407671133336
-73.93146,40.85877333,1.0097211903399985
-73.92198167,40.81028333,1.0202925403266663
-73.95286667,40.79804167,1.0144000228933336
-73.92785833,40.80984,1.0201118301199998
-73.95214667,40.80361167,1.0162660267833323
-73.96785833,40.76284333,1.0082807170966674
-73.89142833,40.814625,1.0158276743399985
-73.887725,40.81647667,1.0137036278966687
-73.89647333,40.83364,0.995955154973333
-73.94238167,40.80329833,1.0102913690866675
-73.92559,40.83959167,1.0137276690966612
-73.931335,40.83264333,1.0176171468566615
-73.91015167,40.82449333,1.0163133080666682
-73.92834,40.82129,1.0125909173599987
-73.90656667,40.81275833,1.009520445673332
-73.99008833,40.769775,1.0143214882799956
-73.9158,40.82084,1.0141131307733322
-73.94916167,40.82761833,1.015112045866669
-73.95805167,40.81524667,1.0137969878833335
-73.92945667,40.81829,1.0130749478266694
-73.909725,40.81127667,1.0129723723033317
-73.95420833,40.77451333,1.0147722624266664
-73.90828667,40.80468333,1.0174524638866655
-73.94690333,40.82680833,1.0133205701233285
-73.89735667,40.844145,1.0100241098833322
-73.92698667,40.82030833,1.0121882255066625
-73.91536,40.839385,1.0225636390333324
-73.92112333,40.842035,1.009542483726669
-73.95826667,40.81553333,1.0139187970133334
-73.88520667,40.81315833,1.0168037505033312
-73.94563,40.81298167,1.0192034701433361
-73.93056167,40.815525,1.0223845318199993
-73.91987833,40.803695,1.0185615681100022
-73.90797167,40.80816,1.0226149273833303
-73.93263833,40.85690667,1.0255724052166637
-73.92028833,40.82208167,1.0144072355400005
-73.92541,40.80601,1.0235673623000021
-73.92186333,40.810435,1.0195476614433305
-73.91836833,40.809095,1.0233934639300015
-73.89153833,40.82474667,1.0277473391999994
-73.90880333,40.81019667,1.0198165230133334
-73.916895,40.83842,1.020393112616665
-73.90743667,40.809715,1.0259025721033348
-73.927665,40.81009,1.016169060799994
-73.930355,40.83448,1.0219622067266658
-73.94932167,40.812825,1.0183684362766652
-73.91893833,40.80444333,1.0240922641666685
-73.95302833,40.80334667,1.0220423443499975
-73.89173,40.82368333,1.0266246119066718
-73.88556,40.82123,1.0173250453399985
-73.94143833,40.8046,1.0218059383766644
-73.949585,40.81237667,1.0191149178966652
-73.92964,40.80978667,1.0250178528233314
-73.93136667,40.85893667,1.0160448473666666
-73.93151333,40.82996,1.026400226253334
-73.89152167,40.819655,1.0261882626333343
-73.88524333,40.81330167,1.0190283700133305
-73.93694167,40.85518833,1.0225207653166641
-73.89838167,40.83255833,1.0199940274200008
-73.91829333,40.81559833,1.0244364544633304
-73.91826167,40.80924333,1.0229755463633354
-73.91885167,40.80470333,1.024879616000002
-73.92003167,40.82197333,1.0229446934400017
-73.95663333,40.815235,1.0212389647699969
-73.93583333,40.85529333,1.0218219662133345
-73.93839333,40.803095,1.0175466258833312
-73.918875,40.8145,1.025867311379997
-73.93057833,40.81526667,1.021566327316667
-73.95308667,40.80337333,1.0194839518666647
-73.955765,40.814035,1.0230957530200002
-73.89176333,40.82389167,1.0258352566266722
-73.91887833,40.80461833,1.0238017653966687
-73.91359833,40.83068,1.0189542422033362
-73.93059667,40.85740833,1.025450997040001
-73.93030167,40.83454167,1.0204283732166686
-73.89810667,40.83276167,1.020899982936667
-73.93031667,40.857455,1.023280069703333
-73.91867167,40.80481167,1.0169676314833305
-73.99117,40.77010667,1.0211468066933336
-73.95107667,40.81252333,1.015442212466666
-73.89868,40.83233667,1.0166162280199964
-73.94681833,40.80829667,1.0250527131900014
-73.91882667,40.81456,1.0252626731766652
-73.91906333,40.81517333,1.028101547196669
-73.908305,40.82887833,1.0221172729699985
-73.93696833,40.85512833,1.0237657028033305
-73.99154333,40.77016833,1.0216152109399979
-73.913395,40.81960833,1.0168422159633317
-73.91942333,40.81500833,1.0170926463666676
-73.93105167,40.85722,1.0238502486266616
-73.936775,40.85552167,1.0239051422699965
-73.94990333,40.81204167,1.0221649546333336
-73.93666333,40.85583333,1.0262708039699988
-73.90831667,40.828855,1.0217398249366656
-73.89132167,40.81432167,1.0217093729533362
-73.93130333,40.85713333,1.0237296415666612
-73.89203333,40.81675667,1.0179789676266713
-73.92792667,40.80973833,1.023195123753333
-73.91932333,40.80423333,1.0234960404966684
-73.91854833,40.81467667,1.025804002506666
-73.95812833,40.82145,1.0192507515099998
-73.95597,40.81442,1.0199122871633348
-73.93626,40.856415,1.0219461788166644
-73.99162667,40.77018333,1.0224919162333295
-73.9269,40.82824,1.0174921319999992
-73.92123667,40.80425167,1.0198237349366637
-73.89917,40.84107,1.0274556385899989
-73.88878333,40.82164667,1.0180691227133338
-73.90921167,40.82412667,1.0245943261766688
-73.92884,40.80909833,1.0308747088300023
-73.89103333,40.82503167,1.0257727489633315
-73.91491,40.818105,1.0359794729399985
-73.92616,40.80627833,1.033410662390001
-73.94718333,40.80845833,1.0302856972333367
-73.91743333,40.81610667,1.0325407693366648
-73.91445333,40.80555833,1.0309700724433308
-73.91591667,40.817195,1.032449011446666
-73.91909667,40.814215,1.035902540653332
-73.93051833,40.81357667,1.03540328393
-73.90755667,40.80937,1.0284148855966664
-73.91728,40.81619667,1.0341655590399974
-73.891795,40.82432,1.0266410399000052
-73.93133,40.82969667,1.0341811859366632
-73.93543667,40.85721333,1.031617584130002
-73.89111167,40.82498333,1.0265709194133315
-73.93073,40.81428833,1.0318884492466673
-73.89134,40.82487,1.029673446259999
-73.89255833,40.818625,1.020183953746667
-73.93105667,40.857525,1.0302836937133317
-73.91175833,40.80445,1.0337011613933327
-73.94712167,40.80843333,1.0309640618966702
-73.933035,40.85603167,1.0318047055533328
-73.909155,40.813145,1.0269014871166688
-73.92142333,40.81104333,1.025922205593338
-73.9304,40.81352833,1.0332255449166665
-73.92879167,40.80903667,1.0300909631766684
-73.91342167,40.80518333,1.036130932826668
-73.92964667,40.812905,1.0305653778599946
-73.92874167,40.80898833,1.0289309715300012
-73.91809667,40.81502667,1.0364054043766648
-73.93569667,40.854865,1.027700458390003
-73.89262167,40.81855,1.0190864695266675
-73.91469833,40.81827167,1.0420230493499945
-73.93084667,40.81395,1.0341222846133313
-73.93458833,40.85452333,1.0391969973766655
-73.92854167,40.80894167,1.0275838585966666
-73.912115,40.80492667,1.0266294201433317
-73.911665,40.82198,1.0296369837199995
-73.91938833,40.81380333,1.0371446733700012
-73.93103333,40.83317833,1.0396125106766716
-73.93464667,40.85454167,1.0400929356633322
-73.91722333,40.81541333,1.037831452803333
-73.911645,40.80440167,1.035590404803334
